Name,Email,Message
Christopher Hunter,Christopher.Hunter@williams.com,
Teresa Peters,Teresa.Peters@christensen-spears.info,
Sherri Moore,Sherri.Moore@harris-james.com,
Stephanie Nielsen,Stephanie.Nielsen@taylor-buchanan.biz,
Jennifer Richards,Jennifer.Richards@lin-adams.info,
Vanessa Kramer,Vanessa.Kramer@holt.com,
Maria Jefferson,Maria.Jefferson@adams.com,
Timothy Hudson,Timothy.Hudson@sanchez-johnson.com,
Robert Price,Robert.Price@schmidt-thomas.com,
Alicia Leonard,Alicia.Leonard@anderson.com,
Natalie Livingston,Natalie.Livingston@carroll.com,
Elizabeth Atkinson,Elizabeth.Atkinson@frank.org,
Angela Carlson,Angela.Carlson@sullivan.com,
Amber Hart,Amber.Hart@jones.com,
Megan Jackson,Megan.Jackson@george-hawkins.info,
Courtney Rogers,Courtney.Rogers@holder-holland.com,
Brittany Wilson,Brittany.Wilson@smith.com,
Gary Whitaker,Gary.Whitaker@rodriguez.info,
James Juarez,James.Juarez@morgan-mccann.com,
Timothy Salazar,Timothy.Salazar@wright.net,
Kyle Baker,Kyle.Baker@lee.com,
April Moore,April.Moore@santos.com,
Angela Smith,Angela.Smith@thornton.com,
Brett Valenzuela,Brett.Valenzuela@lee.info,
Marissa Brown,Marissa.Brown@watts-nielsen.net,
David Ruiz,David.Ruiz@alexander.net,
Aaron Medina,Aaron.Medina@moore.com,
Jesus Patterson,Jesus.Patterson@chavez.info,
Shane Williams,Shane.Williams@scott-peterson.com,
Austin Smith,Austin.Smith@tran.net,
Kimberly Contreras,Kimberly.Contreras@austin-ramirez.org,
Annette Campbell,Annette.Campbell@foster.org,
Jared Swanson,Jared.Swanson@clark-jones.net,
Christine Alexander,Christine.Alexander@rodriguez.com,
Tammy Miller,Tammy.Miller@white.biz,
Michael Nelson,Michael.Nelson@carrillo.biz,
Christine Hoffman,Christine.Hoffman@bryan-bowman.biz,
Jordan Morris,Jordan.Morris@turner-swanson.com,
Diana Brown,Diana.Brown@rivers-love.com,
Travis Mitchell,Travis.Mitchell@randolph.info,
Amy Carter,Amy.Carter@garcia.com,
Beverly Petersen,Beverly.Petersen@jennings-washington.com,
Carolyn Chavez,Carolyn.Chavez@rowe.com,
Gabrielle Young,Gabrielle.Young@robinson.com,
Sandra Garcia,Sandra.Garcia@dalton.com,
Isabel Medina,Isabel.Medina@vasquez.net,
Andrea Newman,Andrea.Newman@wallace.com,
Douglas Hendrix,Douglas.Hendrix@mack.com,
Lisa Hughes,Lisa.Hughes@thomas.info,
Steven Combs,Steven.Combs@anderson-martinez.com,
Morgan Webster,Morgan.Webster@williams.com,
Ryan Richardson,Ryan.Richardson@clark-brown.info,
Devon Carlson,Devon.Carlson@boyd-golden.com,
Amanda Smith,Amanda.Smith@wright.net,
George Ellis,George.Ellis@wilson.com,
Stephen Hardy,Stephen.Hardy@peterson.info,
Todd Bennett,Todd.Bennett@thomas.com,
Gregory Ingram,Gregory.Ingram@wilson.com,
Casey Smith,Casey.Smith@mays.net,
Toni Boone,Toni.Boone@mays-frazier.com,
Derek Robbins,Derek.Robbins@young.com,
Nathan Smith,Nathan.Smith@chambers-flores.net,
Michael Munoz,Michael.Munoz@pham-torres.com,
Melissa Johnson,Melissa.Johnson@jackson-robinson.biz,
Sherry Rios,Sherry.Rios@terrell.com,
Erica Spencer,Erica.Spencer@griffin.biz,
Tyler Aguilar,Tyler.Aguilar@jones.com,
Tammy Malone,Tammy.Malone@gilbert.com,
Rachel Kim,Rachel.Kim@young-clark.com,
Megan Parker,Megan.Parker@griffin.com,
Travis Jenkins,Travis.Jenkins@phillips-johnson.com,
Leah Hernandez,Leah.Hernandez@wyatt.com,
Kathleen Morrison,Kathleen.Morrison@vargas.com,
Nancy Pace,Nancy.Pace@rogers-ashley.com,
Louis Rivera,Louis.Rivera@perez.com,
Dylan Brown,Dylan.Brown@spencer.biz,
Keith Kelly,Keith.Kelly@gibson-gutierrez.biz,
Rebecca Brown,Rebecca.Brown@meza-jackson.info,
Ricky Harper,Ricky.Harper@bryant-stewart.com,
Mark Baker,Mark.Baker@mckay-white.com,
Regina Wade,Regina.Wade@rogers.org,
Nancy Vasquez,Nancy.Vasquez@rivera.com,
Carolyn Hurley,Carolyn.Hurley@scott.com,
Erika Robbins,Erika.Robbins@jenkins-kirk.com,
Julie Ray,Julie.Ray@walls.com,
Casey Mitchell,Casey.Mitchell@reid.com,
Brian Price,Brian.Price@robinson.com,
Cameron Rodriguez,Cameron.Rodriguez@flynn.com,
Kevin Velez,Kevin.Velez@hansen.com,
Steven Rubio,Steven.Rubio@chan.com,
Ashley Lozano,Ashley.Lozano@rodriguez-fuller.com,
Billy Barton,Billy.Barton@ruiz-hubbard.com,
Tonya Farley,Tonya.Farley@koch-washington.com,
Diana Chambers,Diana.Chambers@adams.com,
Maria Winters,Maria.Winters@mcdaniel.org,
Cindy Allen,Cindy.Allen@rodriguez.com,
Ronald Glass,Ronald.Glass@miller-schwartz.com,
Gary Wong,Gary.Wong@young.org,
Scott Ellis,Scott.Ellis@floyd-gibson.info,
Brittany Joseph,Brittany.Joseph@johnson-butler.com,
Tamara Obrien,Tamara.Obrien@smith.com,
Carla Adams,Carla.Adams@gallegos.com,
Corey Jones,Corey.Jones@parks.com,
Edwin Johnson,Edwin.Johnson@jones-harris.info,
Kristin Benson,Kristin.Benson@clark.biz,
Terry Delacruz,Terry.Delacruz@hicks.biz,
Bryce Allen,Bryce.Allen@cooper.com,
Jason Wilson,Jason.Wilson@alexander.com,
Henry Ayala,Henry.Ayala@howard.com,
Lisa Fernandez,Lisa.Fernandez@braun-moody.net,
Lindsey Vazquez,Lindsey.Vazquez@davis.net,
Dustin Olsen,Dustin.Olsen@garcia.org,
Jeffrey Acosta,Jeffrey.Acosta@lawson.com,
Patricia Torres,Patricia.Torres@davis-hutchinson.com,
Catherine Fry,Catherine.Fry@payne-nunez.biz,
Richard Orozco,Richard.Orozco@lopez.com,
Taylor Garcia,Taylor.Garcia@andrews.com,
Cody Ward,Cody.Ward@rose-erickson.biz,
David King,David.King@garza.biz,
Annette Allen,Annette.Allen@leach.com,
Joseph Shelton,Joseph.Shelton@olsen.com,
Keith Davis,Keith.Davis@lee-barnett.info,
Michelle Obrien,Michelle.Obrien@king.com,
Jacob Boyer,Jacob.Boyer@hernandez.com,
Amy Armstrong,Amy.Armstrong@medina-benson.info,
Erika Bonilla,Erika.Bonilla@vasquez-howard.com,
Ryan Barron,Ryan.Barron@jacobs.org,
Lisa Dickson,Lisa.Dickson@myers-ferguson.com,
Sarah Watts,Sarah.Watts@banks.com,
Christian Mcdowell,Christian.Mcdowell@rowland.org,
Michael Carter,Michael.Carter@gross-obrien.com,
Douglas Carroll,Douglas.Carroll@williams-crane.com,
Katie Martinez,Katie.Martinez@mitchell.biz,
Brittany Valdez,Brittany.Valdez@day-ewing.com,
Richard Miller,Richard.Miller@chandler.com,
Sue Douglas,Sue.Douglas@anderson.org,
Jason Brown,Jason.Brown@reese.com,
Lisa Garrett,Lisa.Garrett@alvarez.info,
Robert Wagner,Robert.Wagner@lee-maynard.org,
Brandon Lee,Brandon.Lee@castillo-perez.info,
Bruce Gordon,Bruce.Gordon@williams.com,
Jeffrey Moody,Jeffrey.Moody@bridges-donaldson.com,
Michael Waters,Michael.Waters@martin-combs.com,
Samuel Parsons,Samuel.Parsons@bender.biz,
Misty Williams,Misty.Williams@jackson-padilla.org,
Amy Pham,Amy.Pham@nash-norton.net,
Laura Merritt,Laura.Merritt@schmidt.biz,
Tina Gibson,Tina.Gibson@cook.com,
Antonio Galloway,Antonio.Galloway@allison.com,
Melissa Mcclain,Melissa.Mcclain@henry.com,
Bradley Gross,Bradley.Gross@thomas.org,
Anthony Lee,Anthony.Lee@mccoy-patrick.info,
Leslie Wilson,Leslie.Wilson@clark-anderson.com,
Roy Edwards,Roy.Edwards@bryant-callahan.com,
Michelle King,Michelle.King@poole-williams.org,
Jason Nguyen,Jason.Nguyen@keller.com,
Sarah Petersen,Sarah.Petersen@dunn.com,
Julie Gould,Julie.Gould@nichols.com,
Adam Ramirez,Adam.Ramirez@taylor.biz,
Jennifer Shelton,Jennifer.Shelton@robertson.net,
Steven Rosales,Steven.Rosales@francis.com,
Tiffany Smith,Tiffany.Smith@jennings-holloway.com,
Daniel Juarez,Daniel.Juarez@ward.com,
Crystal Hernandez,Crystal.Hernandez@aguirre.com,
Edward Herman,Edward.Herman@page-black.biz,
Courtney Moody,Courtney.Moody@reeves.com,
Angela Clark,Angela.Clark@jordan.net,
Elizabeth Mccarthy,Elizabeth.Mccarthy@livingston-avery.biz,
Jean Williams,Jean.Williams@owens.com,
Kevin Ward,Kevin.Ward@smith.com,
April Brown,April.Brown@pitts.net,
David Perez,David.Perez@knight-alvarado.com,
Christopher Chapman,Christopher.Chapman@benjamin.com,
William Mcdowell,William.Mcdowell@lane.com,
Tina Hughes,Tina.Hughes@morton.com,
Mario Kim,Mario.Kim@prince.com,
Sabrina Roman,Sabrina.Roman@torres.net,
Erik Robles,Erik.Robles@curtis.com,
Linda Barr,Linda.Barr@anderson.com,
Louis Weber,Louis.Weber@taylor.net,
Lauren Brown,Lauren.Brown@murray.com,
Richard Riley,Richard.Riley@bowers-martin.net,
Bailey Evans,Bailey.Evans@flores-hayes.com,
John Moore,John.Moore@gould-wilson.com,
Dale Farmer,Dale.Farmer@wilson.com,
Aaron Daniels,Aaron.Daniels@baker.com,
Anthony Garrett,Anthony.Garrett@williams-moore.biz,
John Burke,John.Burke@ellison.org,
Bethany Anthony,Bethany.Anthony@trujillo-bird.com,
Travis Coleman,Travis.Coleman@juarez.biz,
Mario Salazar,Mario.Salazar@parker-walker.com,
John Perry,John.Perry@nunez.com,
Jacob Adams,Jacob.Adams@smith.com,
Jonathan Black,Jonathan.Black@alexander.com,
Jimmy Smith,Jimmy.Smith@walker.info,
Kimberly Carlson,Kimberly.Carlson@taylor.com,
Justin Williams,Justin.Williams@wallace.net,
Samantha Young,Samantha.Young@chase.org,
Frank Horton,Frank.Horton@golden.com,
Sheena King,Sheena.King@cline.org,
Christopher Sutton,Christopher.Sutton@willis-robertson.info,
Daniel Gonzalez,Daniel.Gonzalez@soto.com,
Nathaniel Cooper,Nathaniel.Cooper@arnold-lawson.info,
William Valencia,William.Valencia@cruz.info,
Kyle Owen,Kyle.Owen@chan-shepard.biz,
Jamie Perez,Jamie.Perez@kelly.com,
Tammy Craig,Tammy.Craig@morgan.com,
Dawn Fitzpatrick,Dawn.Fitzpatrick@dickerson.com,
Christopher Murray,Christopher.Murray@jordan.com,
Christina Taylor,Christina.Taylor@bailey.com,
John Collier,John.Collier@armstrong.com,
Pamela Riley,Pamela.Riley@davis-benson.com,
Jack Cox,Jack.Cox@mcgee.com,
Jacob Ortiz,Jacob.Ortiz@marks-garza.net,
Hannah Thompson,Hannah.Thompson@gomez.com,
James Hoffman,James.Hoffman@schneider.org,
Jose Willis,Jose.Willis@glover.com,
Lee Davis,Lee.Davis@brown-zuniga.com,
Lisa Hill,Lisa.Hill@smith-johnson.org,
Taylor Schneider,Taylor.Schneider@roberts.com,
Brandon Clements,Brandon.Clements@long-mccoy.biz,
Jaime Mccarty,Jaime.Mccarty@fisher.com,
Alicia Haynes,Alicia.Haynes@griffin-nelson.com,
Patricia Richardson,Patricia.Richardson@sparks.com,
Jake Shannon,Jake.Shannon@evans-pierce.org,
Yesenia Whitney,Yesenia.Whitney@garcia-taylor.com,
Douglas Whitaker,Douglas.Whitaker@jackson-bennett.info,
Susan Mcgee,Susan.Mcgee@wells.com,
Heather Hansen,Heather.Hansen@quinn.info,
Timothy Larson,Timothy.Larson@torres.net,
Diane Lynch,Diane.Lynch@andrews.biz,
Tyler Armstrong,Tyler.Armstrong@lin.com,
Teresa Lewis,Teresa.Lewis@woods-wright.biz,
Marie Boyd,Marie.Boyd@myers-ramirez.com,
Monica Stanton,Monica.Stanton@wolfe.biz,
Laura Gutierrez,Laura.Gutierrez@vincent-decker.org,
Angela Williams,Angela.Williams@dixon.com,
Amy Morris,Amy.Morris@clark.com,
George Thompson,George.Thompson@kelly.net,
Robert Adams,Robert.Adams@thomas-white.biz,
Ricky Robinson,Ricky.Robinson@wade.com,
Michael Harris,Michael.Harris@smith.com,
Christian Hanson,Christian.Hanson@russell.com,
Anthony Blackwell,Anthony.Blackwell@walters-morales.com,
Cheryl Powers,Cheryl.Powers@jones-summers.net,
Vincent Costa,Vincent.Costa@foster-simmons.biz,
Ashley Oneill,Ashley.Oneill@foster.org,
Bradley Hensley,Bradley.Hensley@caldwell-kim.com,
Robin Phillips,Robin.Phillips@wilson-parker.com,
Robert Patterson,Robert.Patterson@burke-reid.com,
Theresa Lynch,Theresa.Lynch@evans.biz,
Sydney Houston,Sydney.Houston@webb.com,
Kristi Smith,Kristi.Smith@watkins.com,
Mackenzie Garcia,Mackenzie.Garcia@pugh-williams.com,
Maria Anderson,Maria.Anderson@miller-johnston.com,
Lauren Black,Lauren.Black@vincent.com,
Holly Rios,Holly.Rios@reeves.com,
Victoria Sanchez,Victoria.Sanchez@gentry.com,
Randy Hayes,Randy.Hayes@holloway.com,
Pamela Williams,Pamela.Williams@fisher-mccarty.com,
Elaine Simmons,Elaine.Simmons@williams.com,
William Moody,William.Moody@johnson.biz,
Jordan Rubio,Jordan.Rubio@white-jackson.com,
Greg Johnson,Greg.Johnson@palmer-mccormick.info,
Stephanie Warner,Stephanie.Warner@benton.com,
Marie Daniels,Marie.Daniels@smith-walker.com,
Tyler Gordon,Tyler.Gordon@mills.biz,
Alexandria Rollins,Alexandria.Rollins@cameron.org,
Marco Miller,Marco.Miller@nelson-torres.com,
Jennifer Sparks,Jennifer.Sparks@rush.com,
Lisa Lambert,Lisa.Lambert@phillips.com,
Carrie Mendoza,Carrie.Mendoza@diaz-wood.com,
Brandon Harris,Brandon.Harris@wilson-reyes.com,
Amy Jarvis,Amy.Jarvis@cooper-guerrero.info,
Benjamin Bennett,Benjamin.Bennett@roberts.com,
Madison Kirby,Madison.Kirby@herrera.com,
Carlos Barnes,Carlos.Barnes@frye.com,
Stacey Cook,Stacey.Cook@cabrera.com,
Melanie Clements,Melanie.Clements@miller.com,
Debbie Dodson,Debbie.Dodson@davis.net,
Victoria Lynch,Victoria.Lynch@lewis.biz,
Christopher Harris,Christopher.Harris@francis-logan.org,
Aaron Ross,Aaron.Ross@johnson.com,
Alexis Webb,Alexis.Webb@kim.com,
Sabrina Lee,Sabrina.Lee@hill.info,
Margaret Williams,Margaret.Williams@perez-garrison.org,
Antonio Holt,Antonio.Holt@taylor.com,
Kenneth Gould,Kenneth.Gould@evans-hernandez.com,
Amy Collins,Amy.Collins@donovan.net,
James Chavez,James.Chavez@mullins.com,
Sheila Dominguez,Sheila.Dominguez@salazar.com,
Robert Ferguson,Robert.Ferguson@davis.com,
Mary Johnson,Mary.Johnson@clark.info,
Hannah Thompson,Hannah.Thompson@rice.biz,
Anna Quinn,Anna.Quinn@bentley.com,
Anthony Leon,Anthony.Leon@coleman.com,
Ryan Herrera,Ryan.Herrera@griffith.com,
Jeremy Mckinney,Jeremy.Mckinney@graham.com,
Garrett Roberts,Garrett.Roberts@burns-stone.com,
Terry Ellis,Terry.Ellis@powers-smith.net,
William Harrell,William.Harrell@thompson.biz,
Marissa Howe,Marissa.Howe@rowe.com,
Michael Lam,Michael.Lam@hansen-hall.com,
Felicia Randall,Felicia.Randall@simpson.com,
Leon Fletcher,Leon.Fletcher@mcfarland.biz,
Robert Craig,Robert.Craig@jones.com,
Jeffrey Greene,Jeffrey.Greene@franklin.com,
Alan Castro,Alan.Castro@wang.com,
Samuel Jones,Samuel.Jones@jones-scott.biz,
Matthew Hicks,Matthew.Hicks@smith.org,
Adam Payne,Adam.Payne@anderson-taylor.net,
Aaron Neal,Aaron.Neal@barnes.com,
Billy Lawson,Billy.Lawson@vasquez.com,
Joann Reese,Joann.Reese@manning.com,
Cassandra Reed,Cassandra.Reed@davis.com,
Paula Charles,Paula.Charles@solis.com,
Jerry Morales,Jerry.Morales@mendoza.com,
Robert Rice,Robert.Rice@garcia.com,
Ashley Johnson,Ashley.Johnson@white-williams.com,
Jason Beltran,Jason.Beltran@crosby.com,
Doris Gonzalez,Doris.Gonzalez@medina.info,
Tiffany Kidd,Tiffany.Kidd@ferguson.biz,
Keith Wallace,Keith.Wallace@lane-walter.com,
Thomas Wolfe,Thomas.Wolfe@phelps.com,
Jesse Lynch,Jesse.Lynch@sutton-obrien.org,
Hayden Garner,Hayden.Garner@hancock.com,
Heidi Brooks,Heidi.Brooks@deleon-craig.com,
Crystal Kerr,Crystal.Kerr@miller.com,
Cynthia Castillo,Cynthia.Castillo@vance.com,
Caitlin Cantu,Caitlin.Cantu@freeman.com,
Tammy Ashley,Tammy.Ashley@bullock.net,
Cassandra Fuller,Cassandra.Fuller@jones-cooper.com,
James Brown,James.Brown@small.com,
Jeffery Mata,Jeffery.Mata@baker.com,
Kristen Stevens,Kristen.Stevens@floyd.org,
Susan Chase,Susan.Chase@miller.com,
Jill Hall,Jill.Hall@flynn.com,
Bruce Campos,Bruce.Campos@webb.com,
Linda Mcdaniel,Linda.Mcdaniel@kennedy-levy.org,
Elizabeth Hicks,Elizabeth.Hicks@ramos.net,
Robert Stewart,Robert.Stewart@rodriguez-bennett.com,
Megan Terrell,Megan.Terrell@long-clark.biz,
Jason Carter,Jason.Carter@sharp-cummings.net,
Matthew Sanders,Matthew.Sanders@stewart.com,
Jessica Scott,Jessica.Scott@price.info,
Shannon Taylor,Shannon.Taylor@brooks.com,
Kevin Williams,Kevin.Williams@ramos-salazar.biz,
Sarah Andrade,Sarah.Andrade@park.info,
Julie Nelson,Julie.Nelson@ortiz-gonzalez.com,
Thomas Jenkins,Thomas.Jenkins@herring.com,
Sarah Mcdowell,Sarah.Mcdowell@gallegos-sims.org,
Emma Ibarra,Emma.Ibarra@zhang.org,
Lisa Gomez,Lisa.Gomez@foley.net,
Shannon Gardner,Shannon.Gardner@brown.biz,
Bryan Peterson,Bryan.Peterson@williams.net,
Monica Burns,Monica.Burns@taylor-hudson.info,
Robert Fisher,Robert.Fisher@martin.info,
Jamie Atkinson,Jamie.Atkinson@owens.org,
Jeremy Meyer,Jeremy.Meyer@morales-may.info,
Jennifer Williams,Jennifer.Williams@edwards-martin.com,
Antonio Shannon,Antonio.Shannon@kim-moore.info,
Joe Taylor,Joe.Taylor@nguyen.com,
Jessica Barrett,Jessica.Barrett@graham-nichols.com,
Brooke Jennings,Brooke.Jennings@hernandez-mitchell.org,
Benjamin Banks,Benjamin.Banks@chan-graves.biz,
Jaime Moyer,Jaime.Moyer@harvey.com,
Karen Obrien,Karen.Obrien@scott.com,
Julie Lewis,Julie.Lewis@wright.com,
James Hall,James.Hall@lewis.com,
Elizabeth Thompson,Elizabeth.Thompson@schwartz.com,
Ryan Molina,Ryan.Molina@reyes.org,
Troy Murphy,Troy.Murphy@stout.com,
Marcus Simpson,Marcus.Simpson@arnold.com,
Duane Grant,Duane.Grant@clark.com,
Donald Hansen,Donald.Hansen@hawkins.com,
Patricia Parker,Patricia.Parker@santiago.com,
Cesar Jones,Cesar.Jones@reeves.info,
Ryan Flores,Ryan.Flores@lopez.com,
Amber Swanson,Amber.Swanson@velez.com,
Natalie Lewis,Natalie.Lewis@johnson.biz,
Alexandra Castillo,Alexandra.Castillo@wiley.com,
Adam Lynch,Adam.Lynch@pacheco.biz,
Melissa Vasquez,Melissa.Vasquez@johnson.com,
Kelly Richardson,Kelly.Richardson@mack.com,
Ryan Colon,Ryan.Colon@davis-hunt.com,
Joseph Mccormick,Joseph.Mccormick@hill-powell.info,
Anthony Wheeler,Anthony.Wheeler@flores.com,
Amber Lewis,Amber.Lewis@horton.com,
Michael Ayers,Michael.Ayers@luna.com,
Christopher Perez,Christopher.Perez@mcguire.com,
Michael Jones,Michael.Jones@edwards.com,
Jerry Craig,Jerry.Craig@wilson.com,
Lisa Olsen,Lisa.Olsen@kent.biz,
Daniel Jones,Daniel.Jones@alvarado-hoover.biz,
Shawn Lopez,Shawn.Lopez@brooks.com,
Shawn Thompson,Shawn.Thompson@lewis-graham.biz,
Rhonda Stone,Rhonda.Stone@frank.com,
Erin Acosta,Erin.Acosta@young.org,
Valerie Jackson,Valerie.Jackson@sullivan.net,
Linda Jones,Linda.Jones@johnson-zimmerman.org,
Shawn Anderson,Shawn.Anderson@jefferson.org,
Sandra Doyle,Sandra.Doyle@trevino-craig.info,
Rebecca Jones,Rebecca.Jones@mcdaniel-russell.org,
David Stewart,David.Stewart@lyons.com,
Jose Patrick,Jose.Patrick@pacheco.info,
Cynthia Monroe,Cynthia.Monroe@powell.com,
Bradley Cross,Bradley.Cross@rogers.com,
Caitlin Bowers,Caitlin.Bowers@walsh-garcia.com,
Aaron Jackson,Aaron.Jackson@rodgers.com,
Jessica Thompson,Jessica.Thompson@walker.biz,
Candice Larson,Candice.Larson@johnson.org,
Nancy Dunn,Nancy.Dunn@king.com,
Rachel Henry,Rachel.Henry@freeman.info,
Joshua Wright,Joshua.Wright@cowan-vazquez.info,
Theodore Lopez,Theodore.Lopez@shannon.com,
Elizabeth Butler,Elizabeth.Butler@henson-henderson.com,
Bryan Anderson,Bryan.Anderson@kelley.net,
Gregory Reilly,Gregory.Reilly@rogers.com,
Paul Salinas,Paul.Salinas@martin-williams.org,
Heidi Garcia,Heidi.Garcia@gutierrez.com,
Keith Washington,Keith.Washington@morales-rodriguez.com,
Diane Brock,Diane.Brock@wright.info,
Matthew Thompson,Matthew.Thompson@adams.com,
Kristen Perry,Kristen.Perry@gardner.com,
Keith Bird,Keith.Bird@hampton.com,
Tiffany Moore,Tiffany.Moore@bishop.com,
Jesse Thomas,Jesse.Thomas@huffman.com,
Vicki Lee,Vicki.Lee@daniels.com,
Amanda Williams,Amanda.Williams@turner.com,
Travis Green,Travis.Green@nguyen.org,
Daniel Bennett,Daniel.Bennett@harmon-clark.com,
Tom Johnson,Tom.Johnson@williams.com,
Denise Walker,Denise.Walker@campbell.net,
Thomas Alvarez,Thomas.Alvarez@garcia.net,
Michael Duarte,Michael.Duarte@weaver.com,
Allen Porter,Allen.Porter@bean-newman.com,
Christine Hall,Christine.Hall@castro-bell.com,
Virginia Carroll,Virginia.Carroll@dunn-richardson.net,
Lisa Mitchell,Lisa.Mitchell@newton.com,
Christine Myers,Christine.Myers@roach.info,
Katie Henderson,Katie.Henderson@oneill.com,
Jerome Garza,Jerome.Garza@copeland-barber.com,
David Robinson,David.Robinson@cunningham-wang.com,
Danielle Bartlett,Danielle.Bartlett@cook.com,
Linda Dixon,Linda.Dixon@may.com,
Michael Barry,Michael.Barry@stephens-beck.com,
Angela Miller,Angela.Miller@mullins-allen.com,
Natasha Wang,Natasha.Wang@jones-chambers.com,
Mary Hicks,Mary.Hicks@wong.com,
Jose Rodgers,Jose.Rodgers@brooks.biz,
Denise Humphrey,Denise.Humphrey@hunt.com,
Jessica Thomas,Jessica.Thomas@johnson.com,
Mary James,Mary.James@haynes.com,
Thomas Miller,Thomas.Miller@salazar-massey.com,
Javier Davis,Javier.Davis@farrell-hutchinson.com,
Nicholas Morton,Nicholas.Morton@bradley.net,
Susan Morris,Susan.Morris@james.com,
Terrance Jones,Terrance.Jones@jones.info,
Susan York,Susan.York@hill-cook.net,
April Rice,April.Rice@burnett.net,
Jason Mcintosh,Jason.Mcintosh@kemp.com,
John Kelley,John.Kelley@jordan-smith.info,
Maria Parker,Maria.Parker@choi-terry.com,
Megan Howard,Megan.Howard@noble.com,
Kristen Stark,Kristen.Stark@liu.com,
Lisa Nelson,Lisa.Nelson@smith-parker.info,
Rebecca Anderson,Rebecca.Anderson@harris.org,
Victoria Gregory,Victoria.Gregory@miller.com,
Anthony Clark,Anthony.Clark@smith-trujillo.net,
Emily Turner,Emily.Turner@moreno.info,
Erin Powell,Erin.Powell@dixon.org,
Kimberly Johnson,Kimberly.Johnson@ramirez.com,
Mathew Smith,Mathew.Smith@garcia.info,
Lori Cook,Lori.Cook@norris.org,
Kevin Parker,Kevin.Parker@montgomery.com,
Andrew Roach,Andrew.Roach@brown.org,
Deanna Russell,Deanna.Russell@orr.org,
Tyler Orozco,Tyler.Orozco@jimenez.net,
David Terry,David.Terry@jones.com,
Jodi Rice,Jodi.Rice@baker.com,
Hailey Cummings,Hailey.Cummings@shaw.com,
Jacob Sanders,Jacob.Sanders@miller.biz,
Deborah Sanchez,Deborah.Sanchez@tate.info,
Angela Barrera,Angela.Barrera@mitchell.com,
Jessica Avila,Jessica.Avila@parker-robinson.com,
Angelica Brennan,Angelica.Brennan@thompson.com,
Jacqueline Wu,Jacqueline.Wu@smith-davidson.com,
Alejandro Bell,Alejandro.Bell@navarro-massey.com,
Daniel Jackson,Daniel.Jackson@williams.com,
Alexandria Brock,Alexandria.Brock@strickland.info,
Victoria Davis,Victoria.Davis@fitzgerald.com,
Antonio Rivera,Antonio.Rivera@campbell.net,
Stephen Freeman,Stephen.Freeman@brown.com,
Kaylee Wright,Kaylee.Wright@hall.org,
Natalie Ortiz,Natalie.Ortiz@pratt-cole.org,
Anthony Munoz,Anthony.Munoz@oconnor.com,
Latasha Smith,Latasha.Smith@rogers-allen.org,
Christian Anderson,Christian.Anderson@king-hicks.com,
Marc Webb,Marc.Webb@chen.info,
James Adkins,James.Adkins@raymond.biz,
Andrea Hunter,Andrea.Hunter@james.com,
Michael Olson,Michael.Olson@hines-conner.biz,
Karen Dixon,Karen.Dixon@diaz.info,
Theodore Harvey,Theodore.Harvey@espinoza.com,
William Blankenship,William.Blankenship@barry-schmidt.com,
Jeffrey Wilson,Jeffrey.Wilson@wagner.com,
Amber King,Amber.King@robinson-patterson.com,
Brian Simon,Brian.Simon@shannon.com,
Jill Smith,Jill.Smith@williams-bright.com,
Jacqueline Mason,Jacqueline.Mason@horton.com,
Mary Vang,Mary.Vang@pacheco.com,
Kaitlin Chandler,Kaitlin.Chandler@ford.com,
Erik Kidd,Erik.Kidd@douglas.com,
Eric Lee,Eric.Lee@nichols.com,
Michael Mcintosh,Michael.Mcintosh@rodriguez.com,
Rhonda Washington,Rhonda.Washington@summers.com,
Kimberly Gibson,Kimberly.Gibson@smith-johnson.com,
Michael Johnson,Michael.Johnson@larson.com,
John Gregory,John.Gregory@rodriguez.biz,
Daniel Randolph,Daniel.Randolph@ewing.info,
Francis Eaton,Francis.Eaton@rollins-stephens.biz,
Tamara Douglas,Tamara.Douglas@wood-sanders.info,
Diana Blankenship,Diana.Blankenship@houston-willis.com,
Matthew Boone,Matthew.Boone@smith.com,
Christopher Choi,Christopher.Choi@daniel.com,
John Gomez,John.Gomez@glover-guzman.com,
Richard Johnson,Richard.Johnson@butler.biz,
James Garcia,James.Garcia@allen-flynn.com,
Manuel Peterson,Manuel.Peterson@long.com,
Logan Hall,Logan.Hall@mora.com,
Ryan Gibbs,Ryan.Gibbs@cole.net,
Amanda Gutierrez,Amanda.Gutierrez@ortega-fleming.com,
Richard Anderson,Richard.Anderson@davis.com,
Danny Lowe,Danny.Lowe@bass.info,
Alyssa Thomas,Alyssa.Thomas@singh.com,
Eric Lynch,Eric.Lynch@carter.biz,
Ashley Carney,Ashley.Carney@jordan-sherman.com,
Kyle Olsen,Kyle.Olsen@reyes.org,
Sandy Larsen,Sandy.Larsen@cox-parks.com,
Annette Jones,Annette.Jones@bowers.com,
Taylor Cortez,Taylor.Cortez@young-price.com,
Stefanie Stevens,Stefanie.Stevens@rowe-mason.net,
Cynthia Williams,Cynthia.Williams@moody-pace.com,
Carolyn Bowman,Carolyn.Bowman@wong.biz,
Hannah Horton,Hannah.Horton@hernandez.com,
Michael Harper,Michael.Harper@simmons.biz,
James Green,James.Green@flores.com,
Eugene Simmons,Eugene.Simmons@swanson-luna.net,
Jenna Phillips,Jenna.Phillips@hawkins.net,
Richard Allen,Richard.Allen@scott.info,
Ryan Schmidt,Ryan.Schmidt@armstrong.org,
Brian Savage,Brian.Savage@kent.com,
Edward Lynch,Edward.Lynch@dunn.org,
Sarah Mason,Sarah.Mason@campbell.com,
Brent Clark,Brent.Clark@wood-vance.org,
Daniel Bird,Daniel.Bird@carter.biz,
Christopher Cuevas,Christopher.Cuevas@rios-johnson.info,
April Roberson,April.Roberson@smith-coleman.org,
Amber Pierce,Amber.Pierce@oconnor.org,
Nathan Lambert,Nathan.Lambert@patterson.com,
Hayden Johnston,Hayden.Johnston@thompson.info,
Zachary Hebert,Zachary.Hebert@cardenas-gutierrez.com,
Mary Hensley,Mary.Hensley@randolph.org,
Jonathan Davis,Jonathan.Davis@johns-castillo.com,
Sharon Rodriguez,Sharon.Rodriguez@miller.com,
Jo Taylor,Jo.Taylor@silva.biz,
Donna Aguilar,Donna.Aguilar@jimenez-huang.info,
Ralph Lopez,Ralph.Lopez@moon.info,
Luke Moody,Luke.Moody@andersen.com,
Taylor Middleton,Taylor.Middleton@watts.com,
Sarah Gregory,Sarah.Gregory@bates.com,
William Bullock,William.Bullock@washington.org,
Dylan Martin,Dylan.Martin@hernandez-williams.com,
Michelle Rodriguez,Michelle.Rodriguez@miller.com,
Daniel Perez,Daniel.Perez@brown.com,
Michael Baker,Michael.Baker@romero.com,
Tim Thomas,Tim.Thomas@foster-kelley.com,
Johnathan Stevenson,Johnathan.Stevenson@sanders-harris.biz,
Lisa Simon,Lisa.Simon@anderson-morrison.net,
Matthew Williamson,Matthew.Williamson@rodriguez.com,
Steven Sparks,Steven.Sparks@shah.net,
Shannon Torres,Shannon.Torres@vazquez.com,
Thomas Obrien,Thomas.Obrien@powell.com,
Joe Weber,Joe.Weber@nguyen.com,
Joshua Reynolds,Joshua.Reynolds@kim-thomas.com,
Kathryn Davidson,Kathryn.Davidson@johnson.info,
Joseph Sherman,Joseph.Sherman@freeman.com,
Dennis Jones,Dennis.Jones@hall.com,
Suzanne Christensen,Suzanne.Christensen@reynolds.net,
Clarence Rojas,Clarence.Rojas@dorsey-warner.com,
Edwin Griffith,Edwin.Griffith@george.com,
Marie Sanders,Marie.Sanders@mitchell.info,
Jennifer Smith,Jennifer.Smith@guzman.biz,
Judy Franco,Judy.Franco@welch-rich.org,
Tina Hayes,Tina.Hayes@grant.biz,
Richard Ramirez,Richard.Ramirez@arnold.com,
Stephen Nguyen,Stephen.Nguyen@smith.biz,
Alicia Dickerson,Alicia.Dickerson@perry.org,
Laura Ali,Laura.Ali@johnson.com,
Erica Costa,Erica.Costa@byrd.info,
Michael Moss,Michael.Moss@bryant-bryant.com,
Sarah Armstrong,Sarah.Armstrong@chavez.com,
Jill Pena,Jill.Pena@villanueva.info,
Patrick Sullivan,Patrick.Sullivan@evans.com,
Mark Walker,Mark.Walker@moses.info,
John Beltran,John.Beltran@rivas.com,
Sylvia Morgan,Sylvia.Morgan@williams.info,
April Powell,April.Powell@jennings-jenkins.com,
Kathryn Johnston,Kathryn.Johnston@wilson.biz,
Katrina Burton,Katrina.Burton@lopez-rodriguez.com,
Melissa Mills,Melissa.Mills@davis-ford.com,
Stephanie Jimenez,Stephanie.Jimenez@rodriguez.com,
Heather Mcpherson,Heather.Mcpherson@jenkins.info,
Rebecca Salinas,Rebecca.Salinas@sullivan.info,
James Pacheco,James.Pacheco@santos.org,
Linda Torres,Linda.Torres@bailey.net,
Anthony Nelson,Anthony.Nelson@edwards.com,
Carolyn Winters,Carolyn.Winters@sullivan.com,
Anthony Bush,Anthony.Bush@ball.net,
Gabriella Nichols,Gabriella.Nichols@stevens.com,
Kari Leblanc,Kari.Leblanc@cox.net,
Ashley Montgomery,Ashley.Montgomery@herrera.net,
Patrick Hayes,Patrick.Hayes@roberson-lewis.org,
Christopher Wagner,Christopher.Wagner@jordan.com,
Anthony Hudson,Anthony.Hudson@miller-martin.com,
Donna Olson,Donna.Olson@weber.com,
Annette Friedman,Annette.Friedman@reed.com,
Mark Coleman,Mark.Coleman@long.com,
Brian Moore,Brian.Moore@hutchinson.com,
Robert Santos,Robert.Santos@king.org,
Diane Anthony,Diane.Anthony@watson-washington.com,
Rebekah Maynard,Rebekah.Maynard@castro-ortiz.com,
James Mason,James.Mason@leon-blake.com,
Robert Eaton,Robert.Eaton@schroeder.biz,
Tina Tate,Tina.Tate@miller.com,
Bill Herrera,Bill.Herrera@fox-james.com,
William Randall,William.Randall@wolfe.com,
Susan Davidson,Susan.Davidson@little.com,
Christina Hodges,Christina.Hodges@suarez.com,
Alyssa Lewis,Alyssa.Lewis@robbins-green.org,
Jeffrey Anthony,Jeffrey.Anthony@west.com,
Ashley Coleman,Ashley.Coleman@gonzalez.com,
Ashley Shepherd,Ashley.Shepherd@farmer.biz,
Todd Phillips,Todd.Phillips@ellis.com,
Susan White,Susan.White@browning.biz,
Rick Durham,Rick.Durham@davila.net,
Adam Sullivan,Adam.Sullivan@russell.com,
Beverly Jimenez,Beverly.Jimenez@thomas.com,
Jeffery Frey,Jeffery.Frey@graham.biz,
Sydney Cortez,Sydney.Cortez@andrews.net,
Lisa Singh,Lisa.Singh@hill-bishop.com,
Sherry Ware,Sherry.Ware@sosa.info,
Christopher Alvarez,Christopher.Alvarez@stephens-smith.net,
Shane Graves,Shane.Graves@jones.com,
Thomas Cole,Thomas.Cole@baker-watson.com,
Robin Contreras,Robin.Contreras@miller.com,
Justin Davis,Justin.Davis@foster-petersen.com,
Veronica Olsen,Veronica.Olsen@young.info,
Alexandra Rodriguez,Alexandra.Rodriguez@flores.com,
Levi Marquez,Levi.Marquez@jones.com,
Jacqueline Marshall,Jacqueline.Marshall@nichols-johnson.com,
Anthony Rivera,Anthony.Rivera@collins.com,
Collin Arnold,Collin.Arnold@williams-russell.net,
Maria Miller,Maria.Miller@gibson-rodriguez.com,
Omar Glover,Omar.Glover@gonzalez.org,
Michelle Melton,Michelle.Melton@knox.com,
Lisa Williams,Lisa.Williams@lane.biz,
Kimberly Jones,Kimberly.Jones@wells.biz,
Michael Vance,Michael.Vance@jones.com,
Adrienne Kim,Adrienne.Kim@fletcher.com,
Megan Smith,Megan.Smith@shaw-vaughn.info,
Leslie Pierce,Leslie.Pierce@villanueva.com,
Tammy Stephens,Tammy.Stephens@johnson-villarreal.net,
Brian Martin,Brian.Martin@woodward-fuentes.com,
John Greer,John.Greer@wright.com,
Crystal Mayo,Crystal.Mayo@hughes.org,
Jonathan Harrison,Jonathan.Harrison@alvarez.biz,
Jeremy Smith,Jeremy.Smith@brewer.biz,
Pamela Stuart,Pamela.Stuart@johnson.com,
Kristin Nichols,Kristin.Nichols@chang.com,
Denise Boyd,Denise.Boyd@vang.com,
Michele Diaz,Michele.Diaz@lowery.com,
James Soto,James.Soto@johnson.com,
James Williams,James.Williams@clark.com,
Angela Kelly,Angela.Kelly@padilla.biz,
William Hester,William.Hester@cordova.com,
Megan Gibson,Megan.Gibson@taylor.com,
Maria Simmons,Maria.Simmons@martinez.com,
Daniel Coleman,Daniel.Coleman@douglas.info,
David Roman,David.Roman@stewart.info,
Brittany Cook,Brittany.Cook@allen-mills.biz,
Antonio Davis,Antonio.Davis@welch.com,
David Livingston,David.Livingston@castaneda.org,
Michael Rodriguez,Michael.Rodriguez@armstrong.com,
Joseph Fisher,Joseph.Fisher@jones.com,
Anna Hines,Anna.Hines@malone.net,
Alicia Wong,Alicia.Wong@garcia.com,
Sean Williams,Sean.Williams@chavez-fischer.net,
Yvonne Melendez,Yvonne.Melendez@ortiz-jackson.com,
Kim Young,Kim.Young@lee-clark.com,
Lynn Kelly,Lynn.Kelly@berger.biz,
Rebecca Allen,Rebecca.Allen@cobb.com,
Kimberly Rodgers,Kimberly.Rodgers@adams-nixon.com,
Angela Evans,Angela.Evans@bailey.info,
Richard Miller,Richard.Miller@porter.com,
Paul Anderson,Paul.Anderson@lewis.biz,
Mary Jordan,Mary.Jordan@mann-crosby.com,
Julie Wright,Julie.Wright@riley-garrett.com,
Carolyn Leonard,Carolyn.Leonard@hawkins.org,
Michael Tanner,Michael.Tanner@daniels-mcmillan.org,
Christopher Martinez,Christopher.Martinez@blankenship-gonzalez.com,
Alicia Cooper,Alicia.Cooper@taylor-garcia.net,
Robert Huang,Robert.Huang@welch.com,
Monica Li,Monica.Li@velez.com,
Anthony Walls,Anthony.Walls@smith-mcknight.org,
Jonathan Crosby,Jonathan.Crosby@henderson-perez.com,
Kaitlyn Herrera,Kaitlyn.Herrera@miller.org,
Roberta Fisher,Roberta.Fisher@hurst-johnson.com,
Andrew Moore,Andrew.Moore@mcintyre.info,
Rhonda Gonzalez,Rhonda.Gonzalez@house-oneill.org,
Kelli Evans,Kelli.Evans@montoya.com,
Stephanie Washington,Stephanie.Washington@lopez-leonard.biz,
Shawn Richards,Shawn.Richards@castro.com,
Kristen Singleton,Kristen.Singleton@lewis.com,
Ruben King,Ruben.King@wheeler-glover.com,
Leon Williams,Leon.Williams@gilbert-washington.info,
Sarah Butler,Sarah.Butler@mckinney.net,
Danielle Wilson,Danielle.Wilson@davis.biz,
Kevin Carlson,Kevin.Carlson@parker-matthews.org,
Brenda Williams,Brenda.Williams@rivera-owens.net,
Kimberly Ayala,Kimberly.Ayala@murphy.com,
Gary Curtis,Gary.Curtis@olson-gross.org,
James Stevens,James.Stevens@ryan-stanley.com,
Laurie Garrett,Laurie.Garrett@scott.com,
Evan Williams,Evan.Williams@malone.com,
Blake Perez,Blake.Perez@zimmerman.com,
Patricia Smith,Patricia.Smith@johnson.com,
Joanna Smith,Joanna.Smith@smith.com,
Brett Miller,Brett.Miller@garcia-ruiz.com,
Seth Craig,Seth.Craig@gay.com,
Robert Bartlett,Robert.Bartlett@rosario-rios.com,
Denise Morgan,Denise.Morgan@warren-mcneil.com,
Michael Perkins,Michael.Perkins@brock.net,
Emily Castro,Emily.Castro@owens.com,
Michelle Jones,Michelle.Jones@casey.com,
Ryan Gibson,Ryan.Gibson@odom-sanchez.net,
Maria Arnold,Maria.Arnold@gould.com,
David Figueroa,David.Figueroa@carter-foster.com,
Nicholas Thomas,Nicholas.Thomas@decker-santos.com,
Toni Spencer,Toni.Spencer@cummings.com,
Danielle Moore,Danielle.Moore@henry-johnson.com,
Logan Kelly,Logan.Kelly@bell.com,
David Carrillo,David.Carrillo@davis-martinez.com,
David Bennett,David.Bennett@martin-bell.com,
Kyle Brock,Kyle.Brock@morales.com,
Kyle Brown,Kyle.Brown@smith.com,
Cody Newman,Cody.Newman@brown-davies.info,
Nicole Nelson,Nicole.Nelson@hendricks-neal.com,
Anne Reyes,Anne.Reyes@martin.info,
David Myers,David.Myers@lewis.com,
Thomas Eaton,Thomas.Eaton@schultz.biz,
Tara Anderson,Tara.Anderson@barker.info,
James Hill,James.Hill@stein.com,
Dwayne Scott,Dwayne.Scott@guerra-grant.net,
Amber Fisher,Amber.Fisher@moore-snow.com,
Stephanie Rivera,Stephanie.Rivera@lewis.com,
Kristin Bond,Kristin.Bond@wallace.com,
Shirley Steele,Shirley.Steele@rivera-thompson.com,
David Berry,David.Berry@johnson.biz,
Ryan White,Ryan.White@wilson.biz,
Maureen Spencer,Maureen.Spencer@allen.com,
Kenneth Leon,Kenneth.Leon@blanchard-harvey.biz,
Tiffany Myers,Tiffany.Myers@clark.com,
Carrie Jones,Carrie.Jones@griffin.org,
Anthony White,Anthony.White@mcconnell-nelson.org,
Amy Howell,Amy.Howell@perez.com,
Nancy Ruiz,Nancy.Ruiz@boyd.com,
Kenneth Wood,Kenneth.Wood@turner.info,
Amy Norman,Amy.Norman@hayden.com,
Elizabeth Klein,Elizabeth.Klein@harris.com,
Joshua Love,Joshua.Love@bell.org,
Crystal Miller,Crystal.Miller@green.net,
Xavier Norris,Xavier.Norris@giles.info,
Elizabeth Strickland,Elizabeth.Strickland@golden-savage.com,
Kathy Curtis,Kathy.Curtis@kelly-bailey.org,
Richard Duncan,Richard.Duncan@reyes-howard.com,
Joshua Hanson,Joshua.Hanson@clark-juarez.biz,
William Robinson,William.Robinson@powell.com,
Richard Winters,Richard.Winters@lee.com,
Pamela Kim,Pamela.Kim@mcpherson-duffy.com,
Darrell Cantrell,Darrell.Cantrell@keith.com,
Daniel Schwartz,Daniel.Schwartz@grant.com,
Melissa Allen,Melissa.Allen@harrison.com,
Amy Castillo,Amy.Castillo@fernandez.com,
David Martin,David.Martin@lynch.com,
Michael Taylor,Michael.Taylor@pitts.net,
Albert Jenkins,Albert.Jenkins@ashley-rodriguez.com,
Kevin Wilson,Kevin.Wilson@james-reed.net,
Beth Meza,Beth.Meza@martinez-hogan.com,
Joseph Ortiz,Joseph.Ortiz@brown.info,
Karen Wright,Karen.Wright@moore-hoover.com,
Ronald Santana,Ronald.Santana@stewart-wells.biz,
Kimberly Davis,Kimberly.Davis@hernandez.com,
Stefanie Vance,Stefanie.Vance@palmer.com,
Tanner Shepherd,Tanner.Shepherd@compton.org,
David Ross,David.Ross@hess.info,
Gregory Pierce,Gregory.Pierce@hernandez.com,
Alexis Phillips,Alexis.Phillips@stephenson.com,
David Phillips,David.Phillips@porter-clark.com,
Timothy Rowe,Timothy.Rowe@novak.info,
Kevin Henry,Kevin.Henry@wall-fox.com,
Frank Lin,Frank.Lin@armstrong-williams.com,
Jennifer Aguirre,Jennifer.Aguirre@rogers.com,
Jennifer Mueller,Jennifer.Mueller@black.com,
Tristan Hall,Tristan.Hall@hicks.info,
Jessica Galvan,Jessica.Galvan@acevedo-kim.org,
Jenna Gregory,Jenna.Gregory@morgan-garcia.com,
Martha Morgan,Martha.Morgan@lewis.biz,
Devin Murphy,Devin.Murphy@price.com,
Kenneth Mcfarland,Kenneth.Mcfarland@lopez-johnson.com,
Alexandra Williams,Alexandra.Williams@west.com,
Paige Clark,Paige.Clark@smith.org,
Bianca Nelson,Bianca.Nelson@baker.net,
Jennifer Perez,Jennifer.Perez@wilson.com,
Juan Cooley,Juan.Cooley@richmond.biz,
Michele Barnes,Michele.Barnes@medina.com,
Lisa Nunez,Lisa.Nunez@wilson-parker.com,
Sherri Hawkins,Sherri.Hawkins@reese-russell.com,
Krista Kelly,Krista.Kelly@jones-barnes.com,
Kendra Graves,Kendra.Graves@cruz.com,
Andrew Stone,Andrew.Stone@guerra-jenkins.com,
Rachel Jensen,Rachel.Jensen@melendez-patrick.com,
Melanie Lucas,Melanie.Lucas@baldwin.org,
Stacy Davis,Stacy.Davis@carpenter.com,
Jennifer Taylor,Jennifer.Taylor@davis.com,
Morgan Morales,Morgan.Morales@butler.com,
John Wiley,John.Wiley@good-cortez.biz,
Stephanie Young,Stephanie.Young@brown.com,
Anthony Ali,Anthony.Ali@baker-trevino.com,
Geoffrey Smith,Geoffrey.Smith@hunt-martinez.com,
Vanessa French,Vanessa.French@rivera.com,
Timothy Pierce,Timothy.Pierce@bass-mercer.com,
Michael Contreras,Michael.Contreras@baker.info,
Cody Gray,Cody.Gray@turner-johnson.com,
Andrew Howell,Andrew.Howell@booth.org,
Lacey Torres,Lacey.Torres@walker.info,
Marisa Phillips,Marisa.Phillips@mclean-smith.com,
Charles Johnson,Charles.Johnson@garcia.org,
Jessica Rose,Jessica.Rose@moon.com,
Ronald Cross,Ronald.Cross@west.com,
Stacey Ashley,Stacey.Ashley@cook.com,
Joshua Dodson,Joshua.Dodson@lewis.org,
Barbara Reed,Barbara.Reed@howell.com,
Pamela Powell,Pamela.Powell@moreno.com,
Allison Middleton,Allison.Middleton@tran.com,
Ryan Dixon,Ryan.Dixon@brady.com,
Tina Roberson,Tina.Roberson@hall.com,
James Wood,James.Wood@barker.com,
Susan West,Susan.West@mccormick.com,
Blake Cantrell,Blake.Cantrell@carlson.info,
Amy Herman,Amy.Herman@bean.com,
Kevin Gomez,Kevin.Gomez@jordan.com,
Christopher Kelly,Christopher.Kelly@brown-shelton.com,
Michelle Davis,Michelle.Davis@cabrera-leon.com,
Amanda Bell,Amanda.Bell@smith.com,
Kristin Fowler,Kristin.Fowler@ruiz.biz,
Karen Santos,Karen.Santos@stone-walker.com,
Jason Moran,Jason.Moran@cooper.biz,
Sherry Allen,Sherry.Allen@rodriguez.com,
Gina Hopkins,Gina.Hopkins@powell-sullivan.biz,
Anthony Ferguson,Anthony.Ferguson@alvarez.org,
April Carlson,April.Carlson@baker.net,
Todd Franklin,Todd.Franklin@jackson.org,
Mark Montgomery,Mark.Montgomery@wood.info,
Julie Thomas,Julie.Thomas@doyle.com,
Rhonda Clark,Rhonda.Clark@lane-moore.com,
Donna Reed,Donna.Reed@cabrera.com,
Pamela Harper,Pamela.Harper@jacobs.net,
Megan Ramos,Megan.Ramos@villanueva.com,
Matthew Moran,Matthew.Moran@gray.com,
Christopher Brown,Christopher.Brown@brown.org,
Levi Nguyen,Levi.Nguyen@gallagher-webb.com,
John White,John.White@johnson.com,
Krista Thomas,Krista.Thomas@conner.net,
Michael Bell,Michael.Bell@cruz.com,
Michelle Powell,Michelle.Powell@davis.com,
Nancy Miller,Nancy.Miller@singh-williams.com,
Michael Griffin,Michael.Griffin@smith-gay.info,
Robert Barron,Robert.Barron@brooks-lawrence.net,
Joseph Smith,Joseph.Smith@li-braun.com,
Jaime Andrews,Jaime.Andrews@morgan.com,
Richard Lucero,Richard.Lucero@davis.org,
Jessica Lara,Jessica.Lara@smith.com,
Stephanie Gutierrez,Stephanie.Gutierrez@stone.org,
Sarah Poole,Sarah.Poole@ross.com,
Sherri Tanner,Sherri.Tanner@warren-kelley.biz,
Anthony Cook,Anthony.Cook@lucas.com,
Stephanie Reed,Stephanie.Reed@white.biz,
Christina Price,Christina.Price@massey.com,
Heidi Roberts,Heidi.Roberts@mullins.net,
Michael Hood,Michael.Hood@baldwin.com,
Douglas Haley,Douglas.Haley@stafford-conner.com,
Nicholas Ramirez,Nicholas.Ramirez@parker.com,
Bonnie Rojas,Bonnie.Rojas@lewis.com,
Jesse Taylor,Jesse.Taylor@walker.info,
Jessica Lawson,Jessica.Lawson@martinez.com,
David Murray,David.Murray@wilkerson.info,
Justin Stein,Justin.Stein@perez.com,
Victoria Lamb,Victoria.Lamb@garcia-bates.info,
Beverly Davidson,Beverly.Davidson@knight.com,
Thomas Smith,Thomas.Smith@dixon-brooks.com,
David Baker,David.Baker@bailey.com,
Joseph Daniels,Joseph.Daniels@vaughan-evans.com,
Bruce Reynolds,Bruce.Reynolds@woodward.net,
Stephanie Barker,Stephanie.Barker@miller.org,
Amanda Keith,Amanda.Keith@elliott-conrad.com,
Patricia Hanna,Patricia.Hanna@sandoval.com,
Brian Johnson,Brian.Johnson@weber-harrison.com,
Chloe Hall,Chloe.Hall@marshall.com,
Todd Rice,Todd.Rice@garcia.com,
Edward Martin,Edward.Martin@hardy.com,
Matthew West,Matthew.West@diaz.info,
Paula Cook,Paula.Cook@mcdonald-mitchell.com,
Robert Bowman,Robert.Bowman@garcia.biz,
Jeffrey Martinez,Jeffrey.Martinez@vance.com,
Benjamin Zavala,Benjamin.Zavala@holt.com,
Tara Ramsey,Tara.Ramsey@hanson-moore.com,
Holly Carney,Holly.Carney@francis-morgan.com,
Cody Maxwell,Cody.Maxwell@valdez-wilson.net,
Chase Lyons,Chase.Lyons@may.info,
Bailey Gonzalez,Bailey.Gonzalez@gomez.info,
Roy Hodge,Roy.Hodge@massey-hall.com,
Julia Merritt,Julia.Merritt@hunter-davenport.com,
Cheryl Briggs,Cheryl.Briggs@gregory.biz,
Andrea Mckinney,Andrea.Mckinney@hunter-lee.info,
Jonathan Gonzalez,Jonathan.Gonzalez@mason-stewart.net,
Veronica Allen,Veronica.Allen@velez-boyle.com,
David Torres,David.Torres@weiss-duffy.com,
Aaron Page,Aaron.Page@higgins.com,
Shane Lopez,Shane.Lopez@hughes.net,
Cindy Hoffman,Cindy.Hoffman@tran.com,
Jessica Kelly,Jessica.Kelly@mata.com,
Destiny Fernandez,Destiny.Fernandez@craig.com,
Crystal Guzman,Crystal.Guzman@santiago.com,
Nicole Myers,Nicole.Myers@dixon.info,
Kristina Deleon,Kristina.Deleon@evans-price.net,
Christine Whitaker,Christine.Whitaker@johns.com,
Christine Robinson,Christine.Robinson@conrad.com,
Bonnie Romero,Bonnie.Romero@thomas.com,
Tanya Pacheco,Tanya.Pacheco@jones-morris.com,
Michael Collins,Michael.Collins@sharp.com,
Ryan Massey,Ryan.Massey@solis-baxter.com,
Victor Keller,Victor.Keller@espinoza-delacruz.net,
Anna Martin,Anna.Martin@davenport.org,
Felicia Weiss,Felicia.Weiss@neal.com,
Oscar Mays,Oscar.Mays@walker-harris.com,
Angela Landry,Angela.Landry@collins.com,
Mark Mitchell,Mark.Mitchell@carter-williams.biz,
Thomas Harrington,Thomas.Harrington@king.biz,
Lynn Hodges,Lynn.Hodges@rice-dyer.org,
Ashley Garcia,Ashley.Garcia@patterson.biz,
Heidi Howell,Heidi.Howell@martin.biz,
Dustin Berry,Dustin.Berry@king-ford.com,
Emma Zimmerman,Emma.Zimmerman@carter.net,
Ernest Mullen,Ernest.Mullen@gonzalez.biz,
Katherine Lee,Katherine.Lee@ryan.info,
Kevin Berg,Kevin.Berg@osborn.com,
Alicia Baker,Alicia.Baker@jones.com,
Brandy Wagner,Brandy.Wagner@scott.net,
Austin Webb,Austin.Webb@little-walker.info,
Steven Murray,Steven.Murray@reyes.com,
Mark Warren,Mark.Warren@lane-tyler.com,
Brittany Calderon,Brittany.Calderon@rose.com,
William Barnes,William.Barnes@miller.net,
David Moore,David.Moore@le-smith.org,
Jennifer Wang,Jennifer.Wang@francis.com,
Lindsay Phillips,Lindsay.Phillips@jenkins-gutierrez.com,
Glenn Rollins,Glenn.Rollins@jones.com,
Kenneth Lee,Kenneth.Lee@mcmillan-santiago.org,
Kendra Elliott,Kendra.Elliott@adkins-perez.net,
Judy Dalton,Judy.Dalton@cordova.com,
Allison Peterson,Allison.Peterson@reed-conway.com,
Bernard Lee,Bernard.Lee@hampton.com,
Ashley Zimmerman,Ashley.Zimmerman@ward-frazier.org,
Richard Black,Richard.Black@griffith.com,
Tracey Jones,Tracey.Jones@williams.com,
Caitlin Mercado,Caitlin.Mercado@hill.com,
Aaron Ferguson,Aaron.Ferguson@guzman-lee.net,
Cassandra Ortiz,Cassandra.Ortiz@brown.com,
Justin Fischer,Justin.Fischer@roberts.org,
Stephen Bowen,Stephen.Bowen@garcia-gutierrez.net,
Kelly Kaiser,Kelly.Kaiser@reynolds.net,
William Williams,William.Williams@kelly.net,
Peter Gordon,Peter.Gordon@greene.com,
Brian Jimenez,Brian.Jimenez@park.com,
Victoria Hendricks,Victoria.Hendricks@compton.biz,
James Lambert,James.Lambert@campbell.com,
Jose Stevenson,Jose.Stevenson@burton.com,
John Roman,John.Roman@hogan-jones.com,
Emma Ibarra,Emma.Ibarra@shaw-best.net,
